{"cameraMode":{"drawMode":0,"name":"Shaded","section":"Shading Mode"},"sceneLighting":true,"audioPlay":false,"sceneViewState":{"m_AlwaysRefresh":false,"showFog":true,"showSkybox":true,"showFlares":true,"showImageEffects":true,"showParticleSystems":true,"showVisualEffectGraphs":true,"m_FxEnabled":true},"in2DMode":false,"pivot":{"x":-0.5490970611572266,"y":1.8174734115600587,"z":-0.5454645156860352},"rotation":{"x":-0.0669923722743988,"y":0.9072663187980652,"z":-0.15836384892463685,"w":-0.38379889726638796},"size":9.320501327514649,"orthographic":false}